Stock,Method,MAE,R-squared,Time (us),Predictions
A,consensus_mid,0.07121366976651519,0.8210829475172461,1.302200005738996,514
A,consensus_micro,0.09152825933732676,0.6882369900817027,1.401000001351349,514
A,ema_estimate,0.12517163841736423,0.6997468215984377,3.11140000121668,514
A,kalman_filter,0.10813559767227232,0.7790718341995752,3.104600007645786,514
